;binf;bsup;p0
0;0.17189502;10;2
1;0.1;1;0.9
2;71349.10033;7200000;500000
3;1.06E-10;50;10
